,Name,Fueltype,Technology,Set,Country,Capacity,Efficiency,Duration,Volume_Mm3,DamHeight_m,StorageCapacity_MWh,DateIn,DateRetrofit,DateOut,lat,lon,EIC,projectID,bus
0,Sir,Hydro,Reservoir,PP,TR,284.0,,,0.0,0.0,0.0,1991.0,1991.0,2091.0,37.5008,36.5959,{nan},"{'GHPT': {'G603702'}, 'GEO': {'GEO-43092'}, 'GPD': {'WRI1018953'}}",1168
1,Muratli Artvin,Hydro,Reservoir,PP,TR,115.0,,,0.0,0.0,0.0,2005.0,2005.0,2105.0,41.4674,41.7146,{nan},"{'GHPT': {'G603690'}, 'GEO': {'GEO-43107'}, 'GPD': {'WRI1018947'}}",1378
2,Batman,Hydro,Reservoir,PP,TR,198.0,,,0.0,0.0,0.0,2000.0,2000.0,2100.0,38.1598,41.2025,{nan},"{'GHPT': {'G603632'}, 'GEO': {'GEO-43098'}, 'GPD': {'WRI1018918'}}",546
3,Berke,Hydro,Reservoir,PP,TR,510.0,,,0.0,0.0,0.0,2001.0,2001.0,2101.0,37.3726,36.4617,{nan},"{'GHPT': {'G603634'}, 'GEO': {'GEO-43094'}, 'GPD': {'WRI1018919'}}",730
4,Birecik,Hydro,Reservoir,PP,TR,672.0,,,0.0,0.0,0.0,2000.0,2000.0,2100.0,37.0525,37.8889,{nan},"{'GHPT': {'G603637'}, 'GEO': {'GEO-42978'}, 'GPD': {'WRI1018921'}}",372
5,Borcka,Hydro,Reservoir,PP,TR,301.0,,,0.0,0.0,0.0,2006.0,2006.0,2106.0,41.352,41.6876,{nan},"{'GHPT': {'G603638'}, 'GEO': {'GEO-43102'}, 'GPD': {'WRI1018922'}}",645
6,Catalan,Hydro,Reservoir,PP,TR,169.0,,,0.0,0.0,0.0,1997.0,1997.0,2097.0,37.1983,35.2825,{nan},"{'GHPT': {'G603641'}, 'GEO': {'GEO-43101'}, 'GPD': {'WRI1018925'}}",852
7,Dicle,Hydro,Reservoir,PP,TR,110.0,,,0.0,0.0,0.0,1997.0,1997.0,2097.0,38.2308,40.1766,{nan},"{'GHPT': {'G603650'}, 'GEO': {'GEO-42980'}, 'GPD': {'WRI1018928'}}",1150
8,Gezende,Hydro,Reservoir,PP,TR,159.0,,,0.0,0.0,0.0,1990.0,1990.0,2090.0,36.5285,33.1943,{nan},"{'GHPT': {'G603656'}, 'GEO': {'GEO-43097'}, 'GPD': {'WRI1018929'}}",49
9,Gokcekaya,Hydro,Reservoir,PP,TR,278.0,,,0.0,0.0,0.0,1972.0,1972.0,2072.0,40.0333,31.0171,{nan},"{'GHPT': {'G603657'}, 'GEO': {'GEO-42981'}, 'GPD': {'WRI1018930'}}",261
10,Hirfanli,Hydro,Reservoir,PP,TR,128.0,,,0.0,0.0,0.0,1959.0,1959.0,2059.0,39.2731,33.5184,{nan},"{'GHPT': {'G603664'}, 'GEO': {'GEO-43100'}, 'GPD': {'WRI1018933'}}",542
11,Karakaya,Hydro,Reservoir,PP,TR,1800.0,,,0.0,0.0,0.0,1987.0,1987.0,2087.0,38.2264,39.1353,{nan},"{'GHPT': {'G603668'}, 'GEO': {'GEO-42979'}, 'GPD': {'WRI1018937'}}",800
12,Karkamis,Hydro,Reservoir,PP,TR,189.0,,,0.0,0.0,0.0,1999.0,1999.0,2099.0,36.8697,38.0307,{nan},"{'GHPT': {'G603673'}, 'GEO': {'GEO-43096'}, 'GPD': {'WRI1018938'}}",377
13,Keban,Hydro,Reservoir,PP,TR,1330.0,,,0.0,0.0,0.0,1974.0,1974.0,2074.0,38.8055,38.7591,{nan},"{'GHPT': {'G603676'}, 'GEO': {'GEO-42977'}, 'GPD': {'WRI1018939'}}",1653
14,Kilickaya,Hydro,Reservoir,PP,TR,120.0,,,0.0,0.0,0.0,1990.0,1990.0,2090.0,40.242,38.1859,{nan},"{'GHPT': {'G603679'}, 'GEO': {'GEO-43099'}, 'GPD': {'WRI1018941'}}",1704
15,Menzelet,Hydro,Reservoir,PP,TR,124.0,,,0.0,0.0,0.0,1980.0,1980.0,2080.0,37.6741,36.8491,{nan},"{'GHPT': {'G603689'}, 'GEO': {'GEO-43093'}, 'GPD': {'WRI1018946'}}",1641
16,Obruk,Hydro,Reservoir,PP,TR,211.0,,,0.0,0.0,0.0,2009.0,2009.0,2109.0,40.7702,34.7913,{nan},"{'GHPT': {'G603691'}, 'GEO': {'GEO-43106'}, 'GPD': {'WRI1018948'}}",844
17,Baymina Ankara,CCGT,CCGT,PP,TR,770.0,,,0.0,0.0,0.0,2004.0,2004.0,2044.0,39.7773,32.4022,{nan},"{'GGPT': {'L100000405896'}, 'GEO': {'GEO-43111'}, 'GPD': {'WRI1018761'}}",431
18,Oymapinar,Hydro,Reservoir,PP,TR,540.0,,,0.0,0.0,0.0,1984.0,1984.0,2084.0,36.9086,31.5321,{nan},"{'GHPT': {'G603692'}, 'GEO': {'GEO-43084'}, 'GPD': {'WRI1018949'}}",270
19,Ozluce,Hydro,Reservoir,PP,TR,170.0,,,0.0,0.0,0.0,1999.0,1999.0,2099.0,39.1297,40.0878,{nan},"{'GHPT': {'G603693'}, 'GEO': {'GEO-42983'}, 'GPD': {'WRI1018950'}}",107
20,Sariyar Polatkan,Hydro,Reservoir,PP,TR,160.0,,,0.0,0.0,0.0,1956.0,1956.0,2056.0,40.0401,31.4144,{nan},"{'GHPT': {'G603699'}, 'GEO': {'GEO-42982'}, 'GPD': {'WRI1018952'}}",1224
21,Enka Izmir,CCGT,CCGT,PP,TR,1580.0,,,0.0,0.0,0.0,2003.0,2003.0,2043.0,38.7467,26.9563,"{nan, nan}","{'GGPT': {'L100000405909'}, 'GEO': {'GEO-43062'}, 'GPD': {'WRI1018750'}}",176
22,Hamitabat,CCGT,CCGT,PP,TR,1220.0,0.40499999999999997,,0.0,0.0,0.0,2017.0,2017.0,2042.0,41.4827,27.3366,"{nan, nan}","{'GGPT': {'L100000405915'}, 'GEO': {'GEO-45653'}, 'GPD': {'WRI1018753'}}",42
23,Melih Geothermal,Geothermal,Steam Turbine,PP,TR,33.0,,,0.0,0.0,0.0,2009.0,2009.0,2024.0,37.911,27.6404,{nan},"{'GGTPT': {'G100000700171'}, 'GEO': {'GEO-46459'}, 'GPD': {'WRI1018957'}}",1618
24,Efeler Gurmat Geothermal,Geothermal,Steam Turbine,PP,TR,144.0,,,0.0,0.0,0.0,2009.0,2009.0,2024.0,37.8722,27.640733333333333,"{nan, nan, nan}","{'GGTPT': {'G100000700072', 'G100000700071', 'G100000700070'}, 'GEO': {'GEO-46460'}, 'GPD': {'WRI1018954'}}",293
25,Erzin,CCGT,CCGT,PP,TR,904.0,,,0.0,0.0,0.0,2014.0,2014.0,2054.0,36.9271,36.0534,{nan},"{'GGPT': {'L100000405910'}, 'GEO': {'GEO-44968'}, 'GPD': {'WRI1018756'}}",319
26,Turcas Denizli Dogalgaz,CCGT,CCGT,PP,TR,797.4,0.18425806451612903,,0.0,0.0,0.0,2013.0,2013.0,2053.0,37.8504,29.4152,{nan},"{'GGPT': {'L100000405929'}, 'GEO': {'GEO-46156'}, 'GPD': {'WRI1018763'}}",339
27,Bursa,CCGT,CCGT,PP,TR,1522.0,0.1812849162011173,,0.0,0.0,0.0,1995.0,1995.0,2035.0,40.286966666666665,29.0737,"{nan, nan, nan}","{'GGPT': {'L100000408832', 'L100000405899'}, 'GEO': {'GEO-43071'}, 'GPD': {'WRI1018751'}}",346
28,Bosen Bursa,CCGT,CCGT,PP,TR,263.0,,,0.0,0.0,0.0,1993.0,1993.0,2033.0,40.2377,28.9534,"{nan, nan, nan}","{'GGPT': {'L100000405897'}, 'GEO': {'GEO-43070'}, 'GPD': {'WRI1018770', 'WRI1018766'}}",248
29,Enka Gebze,CCGT,CCGT,PP,TR,1600.0,,,0.0,0.0,0.0,2002.0,2002.0,2042.0,40.867057,30.38757,"{nan, nan}","{'GGPT': {'L100000405908'}, 'GEO': {'GEO-43063'}, 'GPD': {'WRI1018749'}}",1115
30,Ambarli,CCGT,CCGT,PP,TR,2169.0,,,0.0,0.0,0.0,1988.0,1988.0,2028.0,40.982375000000005,28.693925,"{nan, nan, nan, nan}","{'GGPT': {'L100000405893', 'L100000405892'}, 'GEO': {'GEO-42974'}, 'GPD': {'WRI1018752', 'WRI1018760'}}",439
31,Aksa Antalya,CCGT,CCGT,PP,TR,900.0,0.4617391304347825,,0.0,0.0,0.0,2008.0,2008.0,2048.0,37.1203,30.6016,{nan},"{'GGPT': {'L100000405889'}, 'GEO': {'GEO-43077'}, 'GPD': {'WRI1018754'}}",713
32,Ataturk,Hydro,Reservoir,PP,TR,2405.0,,,0.0,0.0,0.0,1992.0,1992.0,2092.0,37.4819,38.3189,{nan},"{'GHPT': {'G603629'}, 'GEO': {'GEO-42971'}, 'GPD': {'WRI1018917'}}",116
33,Altinkaya,Hydro,Reservoir,PP,TR,703.0,,,0.0,0.0,0.0,1987.0,1987.0,2087.0,41.3668,35.7245,{nan},"{'GHPT': {'G603623'}, 'GEO': {'GEO-43086'}, 'GPD': {'WRI1018914'}}",1844
34,Bandirma,CCGT,CCGT,PP,TR,1543.38,0.3837614618810584,,0.0,0.0,0.0,2010.0,2010.0,2050.0,40.30835,27.76863,"{nan, nan}","{'GGPT': {'L100000405895'}, 'GEO': {'GEO-45085', 'GEO-45086'}, 'GPD': {'WRI1018764'}}",765
35,Orhaneli,Lignite,Steam Turbine,PP,TR,210.0,,,0.0,0.0,0.0,1992.0,1992.0,2037.0,39.950224,28.870214,{nan},"{'GCPT': {'G100000107675'}, 'GEO': {'GEO-43080'}, 'GPD': {'WRI1018721'}}",514
36,Zetes Stations,Hard Coal,Steam Turbine,PP,TR,2790.0,,,0.0,0.0,0.0,2010.0,2010.0,2055.0,41.50842556,31.89754218,"{nan, nan, nan, nan, nan}","{'GCPT': {'G100000111554', 'G100000111555', 'G100000111552', 'G100000111556', 'G100000111553'}, 'GEO': {'GEO-43087'}, 'GPD': {'WRI1018702'}}",964
37,Yatagan,Lignite,Steam Turbine,PP,TR,630.0,,,0.0,0.0,0.0,1983.0,1983.0,2028.0,37.330905,28.102377,"{nan, nan, nan}","{'GCPT': {'G100000111334', 'G100000111335', 'G100000111333'}, 'GEO': {'GEO-43074'}, 'GPD': {'WRI1018709'}}",330
41,Yenikoy,Lignite,Steam Turbine,PP,TR,420.0,,,0.0,0.0,0.0,1986.0,1986.0,2031.0,37.14019,27.87154,"{nan, nan}","{'GCPT': {'G100000111355', 'G100000111354'}, 'GEO': {'GEO-43073'}, 'GPD': {'WRI1018713'}}",329
42,Kemerkoy,Lignite,Steam Turbine,PP,TR,630.0,,,0.0,0.0,0.0,1994.0,1994.0,2039.0,37.035362,27.900592,"{nan, nan, nan}","{'GCPT': {'G100000105655', 'G100000105654', 'G100000105653'}, 'GEO': {'GEO-43072'}, 'GPD': {'WRI1018708'}}",1696
43,Kangal,Lignite,Steam Turbine,PP,TR,457.0,,,0.0,0.0,0.0,1987.0,1987.0,2032.0,39.077483,37.294973,"{nan, nan, nan}","{'GCPT': {'G100000105541', 'G100000105539', 'G100000105540'}, 'GEO': {'GEO-43068'}, 'GPD': {'WRI1018712'}}",549
44,Isken Sugozu,Hard Coal,Steam Turbine,PP,TR,1210.0,,,0.0,0.0,0.0,2003.0,2003.0,2048.0,36.83502,35.879104,"{nan, nan}","{'GCPT': {'G100000104916', 'G100000104915'}, 'GEO': {'GEO-43075'}, 'GPD': {'WRI1018704'}}",1695
45,Cayirhan,Lignite,Steam Turbine,PP,TR,620.0,,,0.0,0.0,0.0,1987.0,1987.0,2032.0,40.097,31.695,"{nan, nan, nan, nan}","{'GCPT': {'G100000101245', 'G100000101244', 'G100000101243', 'G100000101242'}, 'GEO': {'GEO-43067'}, 'GPD': {'WRI1018710'}}",264
46,Catalagzi,Lignite,Steam Turbine,PP,TR,314.0,,,0.0,0.0,0.0,1989.0,1989.0,2034.0,41.517402,31.900198,"{nan, nan}","{'GCPT': {'G100000101239', 'G100000101238'}, 'GEO': {'GEO-43066'}, 'GPD': {'WRI1018718'}}",964
47,Izdemir Enerji,Hard Coal,Steam Turbine,PP,TR,370.0,,,0.0,0.0,0.0,2014.0,2014.0,2059.0,38.74173,26.92917,{nan},"{'GCPT': {'G100000113786'}, 'GPD': {'WRI1018716'}}",176
48,Afsin Elbistan Stations,Lignite,Steam Turbine,PP,TR,2460.0,,,0.0,0.0,0.0,1984.0,1984.0,2029.0,38.350685199999994,37.00033152857143,"{nan, nan, nan, nan, nan, nan, nan}","{'GCPT': {'G100000100068', 'G100000100067', 'G100000100069', 'G100000100071', 'G100000100072', 'G100000100074', 'G100000100073'}, 'GEO': {'GEO-42973', 'GEO-42972'}}",281
49,Kirklareli Alarko,CCGT,CCGT,PP,TR,82.0,,,0.0,0.0,0.0,2005.0,2005.0,2045.0,41.7781,27.1921,{nan},"{'GGPT': {'L100000405921'}, 'GEO': {'GEO-43122'}}",1048
50,Adana,CCGT,CCGT,CHP,TR,131.0,,,0.0,0.0,0.0,2001.0,2001.0,2041.0,36.988153,35.204129,{nan},"{'GGPT': {'L100000405888'}, 'GEO': {'GEO-43118'}}",382
51,Torul,Hydro,Reservoir,PP,TR,106.0,,,0.0,0.0,0.0,2009.0,2009.0,2109.0,40.6352,39.2311,{nan},"{'GHPT': {'G603704'}, 'GEO': {'GEO-43108'}}",900
52,Kurtun,Hydro,Reservoir,PP,TR,84.0,,,0.0,0.0,0.0,2004.0,2004.0,2104.0,40.6826,39.125,{nan},"{'GHPT': {'G603686'}, 'GEO': {'GEO-43105'}}",900
53,Hasan Ugurlu,Hydro,Reservoir,PP,TR,500.0,,,0.0,0.0,0.0,1979.0,1979.0,2079.0,40.9365,36.6462,{nan},"{'GHPT': {'G603663'}, 'GEO': {'GEO-43085'}}",897
54,Aslantas,Hydro,Reservoir,PP,TR,138.0,,,0.0,0.0,0.0,1984.0,1984.0,2084.0,37.2716,36.2718,{nan},"{'GHPT': {'G603628'}, 'GEO': {'GEO-43095'}}",1321
55,Yunus Emre,Lignite,Steam Turbine,PP,TR,290.0,,,0.0,0.0,0.0,2021.0,2021.0,2066.0,39.984309,31.635639,"{nan, nan}","{'GCPT': {'G100000111501', 'G100000111500'}, 'GPD': {'WRI1018723'}}",1349
56,Polat,Lignite,Steam Turbine,PP,TR,51.0,,,0.0,0.0,0.0,2013.0,2013.0,2058.0,39.616008,29.442904,{nan},"{'GCPT': {'G100000108070'}, 'GPD': {'WRI1018725'}}",73
57,Kardemir Karabuk Demir Celik,Hard Coal,Steam Turbine,PP,TR,77.5,,,0.0,0.0,0.0,2007.0,2007.0,2052.0,41.514274,31.909608,{nan},"{'GCPT': {'G100000105557'}, 'GPD': {'WRI1018724'}}",964
58,Ic Anadolu,CCGT,CCGT,PP,TR,853.0,,,0.0,0.0,0.0,2016.0,2016.0,2056.0,39.7575,33.448,{nan},"{'GGPT': {'L100000405933'}, 'GPD': {'WRI1018765'}}",157
59,Cengiz Enerji Samsun,CCGT,CCGT,CHP,TR,1112.9,,,0.0,0.0,0.0,2010.0,2010.0,2050.0,41.2393,36.4799,"{nan, nan, nan, nan}","{'GGPT': {'L100000405900'}, 'GPD': {'WRI1018759'}}",600
60,Enka Adapazari,CCGT,CCGT,PP,TR,820.0,,,0.0,0.0,0.0,2002.0,2002.0,2042.0,40.866,30.3873,{nan},"{'GGPT': {'L100000405907'}, 'GPD': {'WRI1018762'}}",1115
61,Icdas Bekirli,Lignite,Steam Turbine,PP,TR,1200.0,,,0.0,0.0,0.0,2011.0,2011.0,2056.0,40.39953,27.04973,"{nan, nan}","{'GCPT': {'G100000104820', 'G100000104821'}, 'GPD': {'WRI1018706'}}",1330
62,Cenal,Hard Coal,Steam Turbine,PP,TR,1320.0,,,0.0,0.0,0.0,2017.0,2017.0,2062.0,40.4167,27.31829,"{nan, nan}","{'GCPT': {'G100000101260', 'G100000101259'}, 'GPD': {'WRI1075555'}}",205
63,Bolu Goynuk,Lignite,Steam Turbine,PP,TR,270.0,,,0.0,0.0,0.0,2015.0,2015.0,2060.0,40.2514,30.8129,"{nan, nan}","{'GCPT': {'G100000101003', 'G100000101004'}, 'GPD': {'WRI1018719'}}",1578
64,Sanliurfa Osb,CCGT,CCGT,CHP,TR,147.07,,,0.0,0.0,0.0,2011.0,2011.0,2051.0,37.1103,38.652,{nan},"{'GGPT': {'L100000407673'}, 'GPD': {'WRI1018779'}}",407
65,Samsun Cengiz Ccge Turkey,Oil,CCGT,PP,TR,122.27628539864428,,,0.0,0.0,0.0,2003.0,2003.0,2043.0,41.2407,36.4776,"{nan, nan}","{'GEO': {'GEO-43114'}, 'GPD': {'WRI1018699'}}",600
66,Hopa Turkey,Oil,Steam Turbine,PP,TR,46.31677477221374,,,0.0,0.0,0.0,1992.0,1992.0,2032.0,41.4193,41.4393,"{nan, nan}","{'GEO': {'GEO-44581'}, 'GPD': {'WRI1018693'}}",1592
67,Can Coal Turkey,Lignite,,PP,TR,295.0847605580794,,,0.0,0.0,0.0,2003.0,2003.0,2048.0,40.0225,26.9781,"{nan, nan}","{'GEO': {'GEO-43065'}, 'GPD': {'WRI1018717'}}",654
69,Atlas Enerji Iskenderun,Hard Coal,Steam Turbine,PP,TR,1200.0,,,0.0,0.0,0.0,2014.0,2014.0,2059.0,36.69028,36.20909,"{nan, nan}","{'GCPT': {'G100000100401', 'G100000114501'}, 'GPD': {'WRI1018705'}}",322
71,Pamukoren Geothermal,Geothermal,Steam Turbine,PP,TR,32.0,,,0.0,0.0,0.0,2014.0,2014.0,2029.0,37.9167,28.5305,{nan},"{'GGTPT': {'G100000700227'}, 'GPD': {'WRI1018956', 'WRI1018966'}}",1658
82,Kizildere Geothermal,Geothermal,Steam Turbine,PP,TR,246.0,,,0.0,0.0,0.0,2013.0,2013.0,2028.0,37.949889167685264,28.84061009242978,"{nan, nan, nan}","{'GGTPT': {'G100000700131', 'G100000700132', 'G100000700130'}, 'GPD': {'WRI1018968', 'WRI1018955'}}",915
95,Dora Geothermal,Geothermal,Steam Turbine,PP,TR,34.0,,,0.0,0.0,0.0,2013.0,2013.0,2028.0,37.857,28.0716,{nan},"{'GGTPT': {'G100000700067'}, 'GPD': {'WRI1018960', 'WRI1018967'}}",1417
96,Alasehir Geothermal,Geothermal,Steam Turbine,PP,TR,75.0,,,0.0,0.0,0.0,2015.0,2015.0,2030.0,38.411199999999994,28.41015,"{nan, nan}","{'GGTPT': {'G100000700007', 'G100000700165'}, 'GPD': {'WRI1018958'}}",703
97,Ilisu,Hydro,Reservoir,PP,TR,1209.0,,,0.0,0.0,0.0,2020.0,2020.0,2120.0,37.5328,41.8434,{nan},"{'GHPT': {'G603665'}, 'GPD': {'WRI1018934'}}",1426
98,Deriner,Hydro,Reservoir,PP,TR,670.0,,,0.0,0.0,0.0,2013.0,2013.0,2113.0,41.1706,41.8696,{nan},"{'GHPT': {'G603649'}, 'GPD': {'WRI1018926'}}",643
99,Boyabat Kepez,Hydro,Reservoir,PP,TR,513.0,,,0.0,0.0,0.0,2012.0,2012.0,2112.0,41.3396,35.0016,{nan},"{'GHPT': {'G603639'}, 'GPD': {'WRI1018923'}}",1282
112,Icdas Biga,Lignite,Steam Turbine,PP,TR,405.0,,,0.0,0.0,0.0,2005.0,2005.0,2050.0,40.4438,27.13067,"{nan, nan, nan}","{'GCPT': {'G100000104823', 'G100000104822', 'G100000104824'}, 'GEO': {'GEO-43064'}}",1316
113,Ankara Bilenergi Chp Gas Turkey,OCGT,OCGT,CHP,TR,32.927395835216906,,,0.0,0.0,0.0,1995.0,1995.0,2035.0,39.87215,32.74479,"{nan, nan, nan}",{'GEO': {'GEO-43076'}},784
114,Camligoze Turkey,Hydro,Reservoir,PP,TR,31.59235668789809,,,0.0,0.0,0.0,1998.0,1998.0,2098.0,40.2288,38.0751,"{nan, nan}",{'GEO': {'GEO-43104'}},424
115,Cengiz Genghis Ccgt Turkey,CCGT,CCGT,PP,TR,219.56732943271692,,,0.0,0.0,0.0,2009.0,2009.0,2049.0,41.2395,36.4776,"{nan, nan, nan}",{'GEO': {'GEO-43113'}},600
116,Ciner Kazan Soda Ccgt Chp Turkey,CCGT,CCGT,CHP,TR,336.8974981066647,0.53,,0.0,0.0,0.0,2017.0,2017.0,2057.0,40.20366,32.6877,"{nan, nan}",{'GEO': {'GEO-45690'}},1374
117,Derbent Turkey,Hydro,Reservoir,PP,TR,57.55732484076433,,,0.0,0.0,0.0,1990.0,1990.0,2090.0,41.4634,35.8448,"{nan, nan, nan}",{'GEO': {'GEO-43089'}},942
118,Hamitabat Trakya Ccgt Turkey,Oil,Steam Turbine,PP,TR,1111.6025945331298,,,0.0,0.0,0.0,1985.0,2006.0,2046.0,41.4825,27.3366,"{nan, nan, nan, nan, nan, nan, nan, nan, nan, nan, nan, nan}",{'GEO': {'GEO-42975'}},42
119,Hereke Cement Ccgt Plan Turkey,CCGT,CCGT,PP,TR,107.80719939413271,,,0.0,0.0,0.0,2003.0,2003.0,2043.0,40.7847,29.606000000000005,"{nan, nan, nan}",{'GEO': {'GEO-43117'}},133
120,Hereke Cement Gas Plan Turkey,CCGT,CCGT,PP,TR,34.13894647480869,,,0.0,0.0,0.0,1999.0,1999.0,2039.0,40.7935,29.594,{nan},{'GEO': {'GEO-43116'}},133
121,Karacaoren Turkey,Hydro,Reservoir,PP,TR,46.40127388535032,,,0.0,0.0,0.0,1993.0,1993.0,2093.0,37.3066,30.8087,{nan},{'GEO': {'GEO-43110'}},628
122,Karacaoren Turkey,Hydro,Reservoir,PP,TR,31.59235668789809,,,0.0,0.0,0.0,1990.0,1990.0,2090.0,37.3689,30.83,"{nan, nan}",{'GEO': {'GEO-43109'}},872
123,Kayseri Ccgt Turkey,CCGT,CCGT,CHP,TR,169.34714238161678,,,0.0,0.0,0.0,2004.0,2004.0,2044.0,38.7273,35.3759,"{nan, nan, nan, nan}",{'GEO': {'GEO-43119'}},558
124,Kemalpasa Ccgt Turkey,CCGT,CCGT,PP,TR,106.8189667330198,0.17394449116904964,,0.0,0.0,0.0,2005.0,2005.0,2045.0,38.4558,27.374399999999998,"{nan, nan, nan}",{'GEO': {'GEO-43120'}},664
125,Kentsa Ccgt Turkey,CCGT,CCGT,PP,TR,107.80719939413271,,,0.0,0.0,0.0,1997.0,1997.0,2037.0,40.7684,29.989,"{nan, nan, nan}",{'GEO': {'GEO-43121'}},95
126,Manisa Ccge Turkey,CCGT,CCGT,PP,TR,104.0818822769082,,,0.0,0.0,0.0,2008.0,2008.0,2048.0,38.6171,27.3127,"{nan, nan}",{'GEO': {'GEO-43078'}},511
127,Marmara Ereglesi Uni Mar Ccgt Turkey,Oil,Steam Turbine,PP,TR,903.1771080581681,,,0.0,0.0,0.0,1999.0,1999.0,2039.0,41.00245,27.97635,"{nan, nan, nan, nan, nan, nan}","{'GEO': {'GEO-42976', 'GEO-43112'}}",59
128,Samsun Aksa Ccge Turkey,Oil,CCGT,PP,TR,120.88678215547786,,,0.0,0.0,0.0,2003.0,2003.0,2043.0,41.243,36.4774,"{nan, nan}",{'GEO': {'GEO-43115'}},600
129,Samsun Ccpp Turkey,CCGT,CCGT,PP,TR,389.9027044754466,0.59,,0.0,0.0,0.0,2013.0,2013.0,2053.0,41.1451,37.156,"{nan, nan}",{'GEO': {'GEO-46157'}},164
130,Seyhan Turkey,Hydro,Reservoir,PP,TR,58.2484076433121,,,0.0,0.0,0.0,1956.0,1956.0,2056.0,37.0369,35.3413,{nan},{'GEO': {'GEO-43103'}},728
131,Suat Ugurlu Turkey,Hydro,Reservoir,PP,TR,45.4140127388535,,,0.0,0.0,0.0,1982.0,1982.0,2082.0,41.075,36.67188,"{nan, nan}",{'GEO': {'GEO-43088'}},1090
132,Van Ccge Turkey,CCGT,CCGT,PP,TR,104.0818822769082,,,0.0,0.0,0.0,2008.0,2008.0,2048.0,38.57374,43.312,"{nan, nan}",{'GEO': {'GEO-43079'}},1496
134,Afsin Elbistan Termik Santrali,Hard Coal,,PP,TR,2795.0,,,0.0,0.0,0.0,2012.2,2012.2,2057.2,38.3537,36.981,{nan},{'GPD': {'WRI1018701'}},281
141,Aslantas Dam,Hydro,,PP,TR,638.0,,,0.0,0.0,0.0,2003.4705882352941,2003.4705882352941,2103.470588235294,40.93675,36.64919999999999,"{nan, nan}","{'GPD': {'WRI1018915', 'WRI1018932'}}",897
143,Bandirma Dogalgaz Santrali,CCGT,CCGT,PP,TR,931.0,,,0.0,0.0,0.0,2007.3225806451612,2007.3225806451612,2047.3225806451612,40.3786,27.9116,{nan},{'GPD': {'WRI1018755'}},764
148,Colakoglu Termik Santrali,Hard Coal,,PP,TR,190.0,,,0.0,0.0,0.0,2012.2,2012.2,2057.2,39.6289,29.4629,{nan},{'GPD': {'WRI1018722'}},73
152,Deniz,Geothermal,,PP,TR,24.0,,,0.0,0.0,0.0,2012.0,2012.0,2027.0,37.8592,27.6145,{nan},{'GPD': {'WRI1018962'}},293
154,Devecikonagi Dam,Hydro,,PP,TR,29.0,,,0.0,0.0,0.0,2003.4705882352941,2003.4705882352941,2103.470588235294,39.8756,28.5754,{nan},{'GPD': {'WRI1018927'}},1274
160,Gumuskoy,Geothermal,,PP,TR,13.0,,,0.0,0.0,0.0,2014.1,2014.1,2029.1,37.8534,27.4658,{nan},{'GPD': {'WRI1018969'}},1614
163,Icdas Biga Termik Santrali,Hard Coal,,PP,TR,1200.0,,,0.0,0.0,0.0,2012.2,2012.2,2057.2,40.0224,26.9777,{nan},{'GPD': {'WRI1018714'}},654
165,Izmit Ipekkagit Termik Santrali,CCGT,CCGT,PP,TR,16.0,,,0.0,0.0,0.0,2007.3225806451612,2007.3225806451612,2047.3225806451612,40.7882,30.026,{nan},{'GPD': {'WRI1018813'}},95
171,Omv Samsun Dogalgaz Santrali,CCGT,CCGT,PP,TR,887.0,,,0.0,0.0,0.0,2007.3225806451612,2007.3225806451612,2047.3225806451612,41.24,36.4767,{nan},{'GPD': {'WRI1018757'}},600
178,Unimar Marmara Ereglisi Dogalgaz Kombine Cevrim Santrali,CCGT,CCGT,PP,TR,478.0,,,0.0,0.0,0.0,2007.3225806451612,2007.3225806451612,2047.3225806451612,41.0072,27.9736,{nan},{'GPD': {'WRI1018768'}},59
183,Aliaga Alosbi,CCGT,CCGT,CHP,TR,338.0,,,0.0,0.0,0.0,2007.0,2007.0,2047.0,38.8147,27.0644,"{nan, nan}",{'GGPT': {'L100000408823'}},830
184,Aliaga Energy,CCGT,CCGT,PP,TR,870.0,,,0.0,0.0,0.0,2018.0,2018.0,2058.0,38.7422023,26.9430865,{nan},{'GGPT': {'L100000405890'}},176
185,Aliaga Euas,CCGT,CCGT,CHP,TR,180.0,,,0.0,0.0,0.0,2009.0,2009.0,2049.0,38.7987,26.945,{nan},{'GGPT': {'L100000408835'}},176
186,Aliaga Habas,CCGT,CCGT,CHP,TR,294.0,,,0.0,0.0,0.0,2002.0,2002.0,2042.0,38.7422023,26.9430865,"{nan, nan}",{'GGPT': {'L100000405891'}},176
187,Bilecik,CCGT,CCGT,CHP,TR,143.0,,,0.0,0.0,0.0,2007.3225806451612,2007.3225806451612,2047.3225806451612,40.00429,29.92227,{nan},{'GGPT': {'L100000408834'}},1780
188,Bilgin Samsun Gas,CCGT,CCGT,PP,TR,890.0,,,0.0,0.0,0.0,2013.0,2013.0,2053.0,41.14543,37.15637,"{nan, nan}",{'GGPT': {'L100000405927'}},164
189,Cay,CCGT,CCGT,CHP,TR,143.0,,,0.0,0.0,0.0,2007.3225806451612,2007.3225806451612,2047.3225806451612,38.59391,31.04345,{nan},{'GGPT': {'L100000408831'}},456
190,Cerkezkoy Ugur,CCGT,CCGT,PP,TR,60.2,,,0.0,0.0,0.0,2010.0,2010.0,2050.0,41.292719,27.956255,{nan},{'GGPT': {'L100000405901'}},87
191,Cigli Ataer,CCGT,CCGT,PP,TR,125.0,,,0.0,0.0,0.0,2010.0,2010.0,2050.0,38.4763015,27.0286062,{nan},{'GGPT': {'L100000405902'}},663
192,Cine Ales,CCGT,CCGT,CHP,TR,63.0,,,0.0,0.0,0.0,2012.0,2012.0,2052.0,37.636976,27.974789,{nan},{'GGPT': {'L100000405903'}},449
193,Delta Enerji,CCGT,CCGT,PP,TR,61.0,,,0.0,0.0,0.0,2009.0,2009.0,2049.0,41.291517,27.561279,{nan},{'GGPT': {'L100000405904'}},89
194,Denizli Honaz,CCGT,CCGT,PP,TR,63.0,,,0.0,0.0,0.0,2013.0,2013.0,2053.0,37.808975,29.257713,{nan},{'GGPT': {'L100000405905'}},291
195,Denizli Saraykoy,CCGT,CCGT,PP,TR,205.5,,,0.0,0.0,0.0,2013.0,2013.0,2053.0,37.913637,28.904767,{nan},{'GGPT': {'L100000405906'}},1642
196,Esenyurt,CCGT,CCGT,CHP,TR,180.0,,,0.0,0.0,0.0,1999.0,1999.0,2039.0,41.065154,28.668154,{nan},{'GGPT': {'L100000405911'}},6
197,Eskisehir Endustriyel,CCGT,CCGT,PP,TR,55.5,,,0.0,0.0,0.0,2001.0,2001.0,2041.0,39.7566025,30.6221588,{nan},{'GGPT': {'L100000405912'}},303
198,Gebze Dilovasi,CCGT,CCGT,PP,TR,253.4,,,0.0,0.0,0.0,2017.0,2017.0,2057.0,40.8015144,29.5518078,{nan},{'GGPT': {'L100000405913'}},133
199,Gebze Yeni,CCGT,CCGT,PP,TR,865.0,,,0.0,0.0,0.0,2013.0,2013.0,2053.0,40.81655,29.57319,{nan},{'GGPT': {'L100000405914'}},133
200,Gediz,CCGT,CCGT,CHP,TR,57.0,,,0.0,0.0,0.0,2013.0,2013.0,2053.0,38.9652,29.3653,{nan},{'GGPT': {'L100000408829'}},693
201,Izmir Refinery,CCGT,CCGT,CHP,TR,176.0,,,0.0,0.0,0.0,2007.0,2007.0,2047.0,40.7555,29.767049999999998,"{nan, nan}","{'GGPT': {'L100000408836', 'L100000408904'}}",994
202,Izmit Kosekoy,CCGT,CCGT,CHP,TR,157.0,,,0.0,0.0,0.0,2009.0,2009.0,2049.0,40.7730549728796,29.9469596306059,{nan},{'GGPT': {'L100000405920'}},1446
203,Karadeniz Eregli Zonguldak,CCGT,CCGT,CHP,TR,191.1,,,0.0,0.0,0.0,1996.0,1996.0,2036.0,41.261469,31.420106,{nan},{'GGPT': {'L100000407676'}},1003
204,Kazan Soda Elektrik,CCGT,CCGT,CHP,TR,380.0,,,0.0,0.0,0.0,2018.0,2018.0,2058.0,40.1048932,32.5012322,{nan},{'GGPT': {'L100000405918'}},1482
205,Luleburgaz Zorlu,CCGT,CCGT,CHP,TR,133.19,,,0.0,0.0,0.0,2010.0,2010.0,2050.0,41.277524,27.588236,{nan},{'GGPT': {'L100000405922'}},89
206,Manisa Osb Cogeneration,CCGT,CCGT,CHP,TR,140.0,,,0.0,0.0,0.0,2005.0,2005.0,2045.0,38.616891,27.344618,{nan},{'GGPT': {'L100000405924'}},511
207,Marmara Cebi,CCGT,CCGT,PP,TR,65.0,,,0.0,0.0,0.0,2003.0,2003.0,2043.0,41.0200908,29.0460478,{nan},{'GGPT': {'L100000405925'}},184
208,Mersin,CCGT,CCGT,CHP,TR,65.0,,,0.0,0.0,0.0,2011.0,2011.0,2051.0,36.8681,34.7549,{nan},{'GGPT': {'L100000408850'}},725
209,Mersin Camis,CCGT,CCGT,CHP,TR,250.0,,,0.0,0.0,0.0,2006.0,2006.0,2046.0,36.814451,34.734962,"{nan, nan}",{'GGPT': {'L100000405926'}},976
210,Mersin Soda Sanayi,CCGT,CCGT,CHP,TR,135.0,,,0.0,0.0,0.0,2014.0,2014.0,2054.0,36.80902,34.70594,{nan},{'GGPT': {'L100000408849'}},976
211,Odas,CCGT,CCGT,PP,TR,140.0,,,0.0,0.0,0.0,2011.0,2011.0,2051.0,37.19509,38.88849,{nan},{'GGPT': {'L100000408848'}},326
212,Petkim,CCGT,CCGT,CHP,TR,226.0,,,0.0,0.0,0.0,2003.0,2003.0,2043.0,38.8044662,26.9263064,{nan},{'GGPT': {'L100000103671'}},176
213,Silopi,CCGT,CCGT,CHP,TR,182.0,,,0.0,0.0,0.0,2007.0,2007.0,2047.0,37.24155,42.4149,{nan},{'GGPT': {'L100000408845'}},21
214,Taha,CCGT,CCGT,PP,TR,136.0,,,0.0,0.0,0.0,2017.0,2017.0,2057.0,37.3118819736532,40.7330169726601,{nan},{'GGPT': {'L100000407678'}},1703
215,Tekirdag,CCGT,CCGT,PP,TR,956.0,,,0.0,0.0,0.0,1999.0,1999.0,2039.0,41.0072,27.9736,"{nan, nan}",{'GGPT': {'L100000405930'}},59
216,Trakya,CCGT,CCGT,PP,TR,1200.0,,,0.0,0.0,0.0,1999.0,1999.0,2039.0,40.9975,27.9796,{nan},{'GGPT': {'L100000405928'}},59
217,Yahsihan,CCGT,CCGT,PP,TR,927.4,,,0.0,0.0,0.0,2017.0,2017.0,2057.0,39.8419786,33.4879879,{nan},{'GGPT': {'L100000405932'}},562
218,Yesilyurt,CCGT,CCGT,CHP,TR,234.0,,,0.0,0.0,0.0,2013.0,2013.0,2053.0,41.2363,36.4416,"{nan, nan}",{'GGPT': {'L100000408841'}},600
219,Aksa Akrilik,Hard Coal,Steam Turbine,PP,TR,100.0,,,0.0,0.0,0.0,2013.0,2013.0,2058.0,40.68927,29.40495,{nan},{'GCPT': {'G100000100097'}},227
220,Albayrak Varaka Paper,Hard Coal,Steam Turbine,PP,TR,40.0,,,0.0,0.0,0.0,2019.0,2019.0,2064.0,39.559474,27.969536,{nan},{'GCPT': {'G100000114708'}},779
221,Can Mart,Lignite,Steam Turbine,PP,TR,650.0,,,0.0,0.0,0.0,2003.0,2003.0,2048.0,40.026944,26.968082666666664,"{nan, nan, nan}","{'GCPT': {'G100000101183', 'G100000101181', 'G100000101182'}}",654
222,Coban Yildiz,Lignite,Steam Turbine,PP,TR,37.0,,,0.0,0.0,0.0,2013.0,2013.0,2058.0,37.557261,32.847995,{nan},{'GCPT': {'G100000114371'}},106
223,Emba Hunutlu,Hard Coal,Steam Turbine,PP,TR,1320.0,,,0.0,0.0,0.0,2022.0,2022.0,2067.0,36.81609,35.85481,"{nan, nan}","{'GCPT': {'G100000102624', 'G100000102625'}}",1695
224,Eti Maden Bandirma,Lignite,Steam Turbine,PP,TR,46.7,,,0.0,0.0,0.0,2014.0,2014.0,2059.0,40.328921,27.990415,{nan},{'GCPT': {'G100000114712'}},1037
225,Gebze Colakoglu,Hard Coal,Steam Turbine,PP,TR,190.0,,,0.0,0.0,0.0,2003.0,2003.0,2048.0,40.77758,29.538564,{nan},{'GCPT': {'G100000102972'}},133
226,Kipas Mmp,Lignite,Steam Turbine,PP,TR,55.0,,,0.0,0.0,0.0,2022.0,2022.0,2067.0,37.767197,27.445695,{nan},{'GCPT': {'G100000114711'}},1114
227,Sirnak Silopi Ciner,Lignite,Steam Turbine,PP,TR,405.0,,,0.0,0.0,0.0,2009.0,2009.0,2054.0,37.310025,42.594696,"{nan, nan, nan}","{'GCPT': {'G100000109468', 'G100000109469', 'G100000109467'}}",113
228,Soma Kolin,Lignite,Steam Turbine,PP,TR,510.0,,,0.0,0.0,0.0,2019.0,2019.0,2064.0,39.316608,27.748899,"{nan, nan}","{'GCPT': {'G100000109494', 'G100000113111'}}",1483
229,Tufanbeyli,Lignite,Steam Turbine,PP,TR,450.0,,,0.0,0.0,0.0,2016.0,2016.0,2040.0,38.18562,36.26994,"{nan, nan, nan}","{'GCPT': {'G100000110353', 'G100000110354', 'G100000110352'}}",1620
230,Mis Geothermal,Geothermal,Steam Turbine,PP,TR,48.0,,,0.0,0.0,0.0,2019.0,2019.0,2034.0,38.3872,28.4099,{nan},{'GGTPT': {'G100000700182'}},703
231,Salihli Jes Geothermal,Geothermal,Steam Turbine,PP,TR,30.0,,,0.0,0.0,0.0,2019.0,2019.0,2034.0,38.4917,28.0887,{nan},{'GGTPT': {'G100000700248'}},1676
232,Turkerler Geothermal,Geothermal,Steam Turbine,PP,TR,120.0,,,0.0,0.0,0.0,2018.0,2018.0,2033.0,38.3749979203258,28.507140262618115,"{nan, nan, nan, nan}","{'GGTPT': {'G100000700460', 'G100000700304', 'G100000700459', 'G100000700305'}}",1493
233,Akkuyu,Nuclear,Steam Turbine,PP,TR,4800.0,,,0.0,0.0,0.0,2024.0,2024.0,2074.0,36.1447,33.5402,"{nan, nan, nan, nan}","{'GNPT': {'G100000500181', 'G100000500182', 'G100000500183', 'G100000500184'}}",1474
669,Akinci,Hydro,Run-Of-River,PP,TR,99.0,,,0.0,0.0,0.0,2018.0,2018.0,2118.0,40.4399,37.1148,{nan},{'GHPT': {'G603613'}},1530
670,Akinci Cildir,Hydro,Reservoir,PP,TR,87.0,,,0.0,0.0,0.0,2016.0,2016.0,2116.0,41.2235,43.1035,{nan},{'GHPT': {'G603612'}},1551
671,Akkoy,Hydro,Reservoir,PP,TR,208.0,,,0.0,0.0,0.0,2008.0,2008.0,2108.0,40.66875,39.1339,"{nan, nan}","{'GHPT': {'G603614', 'G603615'}}",900
672,Akkoy,Hydro,Reservoir,PP,TR,234.0,,,0.0,0.0,0.0,2012.0,2012.0,2112.0,40.7379,38.9909,{nan},{'GHPT': {'G603616'}},901
673,Akocak,Hydro,Run-Of-River,PP,TR,81.0,,,0.0,0.0,0.0,2010.0,2010.0,2110.0,40.6108,39.9141,{nan},{'GHPT': {'G603617'}},1362
674,Alkumru,Hydro,Reservoir,PP,TR,276.0,,,0.0,0.0,0.0,2011.0,2011.0,2111.0,37.9592,42.0928,{nan},{'GHPT': {'G603620'}},811
675,Alpaslan,Hydro,Reservoir,PP,TR,160.0,,,0.0,0.0,0.0,2012.0,2012.0,2112.0,39.0487,41.8179,{nan},{'GHPT': {'G603621'}},1042
676,Alpaslan,Hydro,Reservoir,PP,TR,280.0,,,0.0,0.0,0.0,2020.0,2020.0,2120.0,39.0348,41.5192,{nan},{'GHPT': {'G603622'}},1509
677,Arkun,Hydro,Reservoir,PP,TR,245.0,,,0.0,0.0,0.0,2014.0,2014.0,2114.0,40.7185,41.4158,{nan},{'GHPT': {'G603624'}},1539
678,Artvin,Hydro,Reservoir,PP,TR,332.0,,,0.0,0.0,0.0,2015.0,2015.0,2115.0,40.9356,41.7681,{nan},{'GHPT': {'G603625'}},1874
679,Asagi Kalekoy,Hydro,Reservoir,PP,TR,500.0,,,0.0,0.0,0.0,2020.0,2020.0,2120.0,38.8303,40.7066,{nan},{'GHPT': {'G603626'}},1415
680,Aslancik,Hydro,Run-Of-River,PP,TR,120.0,,,0.0,0.0,0.0,2014.0,2014.0,2114.0,40.9101,38.8468,{nan},{'GHPT': {'G603627'}},1242
681,Ayvali,Hydro,Reservoir,PP,TR,130.0,,,0.0,0.0,0.0,2005.0,2005.0,2105.0,37.5771,37.137,{nan},{'GHPT': {'G603630'}},1127
682,Bagistas,Hydro,Reservoir,PP,TR,140.0,,,0.0,0.0,0.0,2014.0,2014.0,2114.0,39.4531,38.4913,{nan},{'GHPT': {'G603631'}},1420
683,Beyhan,Hydro,Reservoir,PP,TR,582.0,,,0.0,0.0,0.0,2015.0,2015.0,2115.0,38.7458,40.2061,{nan},{'GHPT': {'G603635'}},1451
684,Camlica,Hydro,Run-Of-River,PP,TR,84.0,,,0.0,0.0,0.0,1998.0,1998.0,2098.0,37.9211,35.4938,{nan},{'GHPT': {'G603640'}},1794
685,Cetin Main,Hydro,Reservoir,PP,TR,420.0,,,0.0,0.0,0.0,2020.0,2020.0,2120.0,37.9744,42.377,{nan},{'GHPT': {'G603643'}},1898
686,Cevizlik,Hydro,Run-Of-River,PP,TR,91.0,,,0.0,0.0,0.0,2010.0,2010.0,2110.0,40.7993,40.5479,{nan},{'GHPT': {'G603644'}},1498
687,Dalaman Akkopru,Hydro,Reservoir,PP,TR,115.0,,,0.0,0.0,0.0,2012.0,2012.0,2112.0,36.8983,28.8948,{nan},{'GHPT': {'G603647'}},1761
688,Darica,Hydro,Run-Of-River,PP,TR,110.0,,,0.0,0.0,0.0,2009.0,2009.0,2109.0,40.4622,37.7684,{nan},{'GHPT': {'G603648'}},1412
689,Ermenek,Hydro,Reservoir,PP,TR,302.0,,,0.0,0.0,0.0,2012.0,2012.0,2112.0,36.5681,32.968,{nan},{'GHPT': {'G603655'}},1832
690,Goktas,Hydro,Reservoir,PP,TR,122.0,,,0.0,0.0,0.0,2016.0,2016.0,2116.0,37.7256,35.4734,{nan},{'GHPT': {'G603659'}},1059
691,Goktas,Hydro,Reservoir,PP,TR,153.0,,,0.0,0.0,0.0,2015.0,2015.0,2115.0,37.6231,35.5779,{nan},{'GHPT': {'G603660'}},846
692,Gullubag,Hydro,Reservoir,PP,TR,96.0,,,0.0,0.0,0.0,2012.0,2012.0,2112.0,40.5218,41.0216,{nan},{'GHPT': {'G603661'}},1294
693,Hacininoglu,Hydro,unknown,PP,TR,142.0,,,0.0,0.0,0.0,2011.0,2011.0,2111.0,37.8297,36.9708,{nan},{'GHPT': {'G603662'}},1246
694,Kandil,Hydro,Reservoir,PP,TR,208.0,,,0.0,0.0,0.0,2013.0,2013.0,2113.0,37.9754,37.0225,{nan},{'GHPT': {'G603667'}},1419
695,Karakurt,Hydro,Reservoir,PP,TR,100.0,,,0.0,0.0,0.0,2020.0,2020.0,2120.0,40.144,42.6967,{nan},{'GHPT': {'G603669'}},1250
696,Karakuz,Hydro,Reservoir,PP,TR,76.0,,,0.0,0.0,0.0,2015.0,2015.0,2115.0,37.3627,35.124,{nan},{'GHPT': {'G603670'}},1949
697,Kargi Limak,Hydro,Run-Of-River,PP,TR,100.0,,,0.0,0.0,0.0,2017.0,2017.0,2117.0,39.9677,31.7389,{nan},{'GHPT': {'G603671'}},1929
698,Kargi Statkraft,Hydro,Reservoir,PP,TR,102.0,,,0.0,0.0,0.0,2015.0,2015.0,2115.0,41.1064,34.659,{nan},{'GHPT': {'G603672'}},1811
699,Kavsak Bendi,Hydro,Reservoir,PP,TR,191.0,,,0.0,0.0,0.0,2013.0,2013.0,2113.0,37.5628,35.5282,{nan},{'GHPT': {'G603674'}},1757
700,Kesikkopru,Hydro,Run-Of-River,PP,TR,76.0,,,0.0,0.0,0.0,1967.0,1967.0,2067.0,39.3968,33.4204,{nan},{'GHPT': {'G603677'}},544
701,Kigi,Hydro,Reservoir,PP,TR,138.0,,,0.0,0.0,0.0,2017.0,2017.0,2117.0,39.3683,40.3519,{nan},{'GHPT': {'G603678'}},107
702,Kokluce,Hydro,Reservoir,PP,TR,90.0,,,0.0,0.0,0.0,1988.0,1988.0,2088.0,40.4942,36.9269,{nan},{'GHPT': {'G603680'}},1459
703,Kopru,Hydro,Reservoir,PP,TR,156.0,,,0.0,0.0,0.0,2013.0,2013.0,2113.0,37.6203,35.6116,{nan},{'GHPT': {'G603681'}},846
704,Koprubasi,Hydro,Reservoir,PP,TR,79.0,,,0.0,0.0,0.0,2012.0,2012.0,2112.0,40.9851,31.9098,{nan},{'GHPT': {'G603682'}},1587
705,Koroglu,Hydro,Reservoir,PP,TR,125.0,,,0.0,0.0,0.0,2018.0,2018.0,2118.0,41.1677,42.9573,{nan},{'GHPT': {'G603683'}},1490
706,Kozbuku,Hydro,Reservoir,PP,TR,81.0,,,0.0,0.0,0.0,2015.0,2015.0,2115.0,40.7954,37.868,{nan},{'GHPT': {'G603684'}},1847
707,Krallizi,Hydro,Reservoir,PP,TR,95.0,,,0.0,0.0,0.0,1998.0,1998.0,2098.0,38.3484,40.022,{nan},{'GHPT': {'G603685'}},1727
708,Menge,Hydro,Reservoir,PP,TR,89.0,,,0.0,0.0,0.0,2011.0,2011.0,2111.0,37.7044,35.7223,{nan},{'GHPT': {'G603688'}},1491
709,Pembelik,Hydro,Reservoir,PP,TR,130.0,,,0.0,0.0,0.0,2015.0,2015.0,2115.0,39.0835,39.8965,{nan},{'GHPT': {'G603695'}},1467
710,Sanibey,Hydro,Reservoir,PP,TR,310.0,,,0.0,0.0,0.0,2007.0,2007.0,2107.0,37.4016,35.4437,{nan},{'GHPT': {'G603698'}},851
711,Sariguzel,Hydro,Reservoir,PP,TR,100.0,,,0.0,0.0,0.0,2013.0,2013.0,2113.0,37.9336,36.9705,{nan},{'GHPT': {'G603700'}},1245
712,Silvan,Hydro,Reservoir,PP,TR,160.0,,,0.0,0.0,0.0,2026.0,2026.0,2126.0,38.2934,41.0218,{nan},{'GHPT': {'G603701'}},547
713,Tatar Elazig,Hydro,Reservoir,PP,TR,128.0,,,0.0,0.0,0.0,2013.0,2013.0,2113.0,38.8625,39.8142,{nan},{'GHPT': {'G603703'}},1429
714,Uluabat,Hydro,Reservoir,PP,TR,100.0,,,0.0,0.0,0.0,2010.0,2010.0,2110.0,40.1533,28.7238,{nan},{'GHPT': {'G603705'}},1032
715,Uzuncayir,Hydro,Reservoir,PP,TR,84.0,,,0.0,0.0,0.0,2009.0,2009.0,2109.0,38.9829,39.5309,{nan},{'GHPT': {'G603706'}},1733
716,Yamula,Hydro,Reservoir,PP,TR,104.0,,,0.0,0.0,0.0,2005.0,2005.0,2105.0,38.9022,35.2708,{nan},{'GHPT': {'G603707'}},529
717,Yukari Kalekoy,Hydro,Reservoir,PP,TR,627.0,,,0.0,0.0,0.0,2018.0,2018.0,2118.0,38.8229,41.0283,{nan},{'GHPT': {'G603708'}},1454
718,Yusifeli,Hydro,Reservoir,PP,TR,540.0,,,0.0,0.0,0.0,2023.0,2023.0,2123.0,40.8195,41.659,{nan},{'GHPT': {'G604976'}},1457
